,Player,ID,isolationPoss,isolationFreq,transitionPoss,transitionFreq,ball-handlerPoss,ball-handlerFreq,roll-manPoss,roll-manFreq,playtype-post-upPoss,playtype-post-upFreq,spot-upPoss,spot-upFreq,hand-offPoss,hand-offFreq,cutPoss,cutFreq,off-screenPoss,off-screenFreq,putbacksPoss,putbacksFreq,playtype-miscPoss,playtype-miscFreq
0,James Harden,201935,6.9,24.2,6.0,21.0,7.4,25.9,,,1.4,4.8,2.3,8.2,1.1,3.7,0.5,1.7,1.0,3.4,0.4,1.2,1.6,5.6
1,Stephen Curry,201939,2.5,10.0,5.1,20.1,6.7,26.2,0.2,0.7,,,2.3,9.1,1.2,4.7,1.5,6.0,3.6,14.2,0.4,1.6,1.9,7.3
2,Kevin Durant,201142,3.8,14.9,3.8,15.1,4.8,19.0,1.4,5.5,2.1,8.1,2.8,11.0,0.6,2.2,1.0,4.0,3.6,14.1,0.3,1.3,1.2,4.8
3,LeBron James,2544,4.7,19.1,4.8,19.5,5.3,21.6,0.9,3.6,2.6,10.6,1.6,6.7,0.5,1.9,1.4,5.7,0.5,2.1,0.9,3.6,1.4,5.8
4,Damian Lillard,203081,4.4,17.2,2.7,10.5,10.9,43.0,,,,,2.0,8.0,1.7,6.6,0.8,3.1,1.4,5.6,0.2,0.9,1.2,4.9
5,Russell Westbrook,201566,3.2,12.5,5.9,23.3,9.0,35.4,,,2.4,9.3,1.8,6.9,0.6,2.3,0.5,1.9,0.3,1.0,0.8,3.0,1.1,4.4
6,Paul George,202331,3.3,14.0,3.9,16.2,5.0,21.2,0.3,1.1,0.8,3.4,2.7,11.2,1.3,5.3,0.9,3.7,3.8,16.0,0.5,2.0,1.4,5.9
7,DeMar DeRozan,201942,3.8,16.1,1.9,7.9,7.6,32.4,,,2.0,8.5,2.5,10.6,1.0,4.2,0.4,1.6,3.2,13.6,0.3,1.2,0.9,3.8
8,Isaiah Thomas,202738,1.8,8.0,5.1,22.8,6.9,31.0,,,,,3.0,13.3,2.1,9.3,0.4,1.7,1.9,8.6,0.2,0.9,1.0,4.4
9,Klay Thompson,202691,1.0,5.0,3.5,17.5,1.4,7.1,0.2,0.9,0.7,3.7,3.4,17.0,0.7,3.6,1.7,8.4,6.3,31.0,0.2,1.2,0.9,4.5
10,DeMarcus Cousins,202326,3.2,11.1,3.6,12.6,0.3,1.2,4.3,14.8,5.6,19.4,4.7,16.4,0.7,2.5,1.5,5.2,0.7,2.5,2.0,7.0,2.1,7.2
11,Kemba Walker,202689,1.6,7.7,2.9,13.8,9.7,46.7,,,,,2.9,14.0,1.2,6.0,0.4,2.0,0.7,3.3,0.3,1.3,1.1,5.3
12,Andrew Wiggins,203952,2.2,10.2,2.5,11.7,4.0,18.9,0.6,2.8,2.6,12.0,2.1,9.9,1.4,6.7,1.2,5.5,3.1,14.5,1.0,4.4,0.7,3.3
13,CJ McCollum,203468,2.4,11.4,2.8,13.1,8.0,37.4,,,,,3.2,14.8,1.7,7.8,0.5,2.2,1.7,8.0,0.3,1.2,0.8,3.7
14,Kyle Lowry,200768,2.1,9.8,3.6,16.8,7.6,35.7,0.2,0.7,0.4,1.8,3.3,15.7,1.2,5.5,0.1,0.7,1.3,6.1,0.2,1.2,1.3,6.0
15,Gordon Hayward,202330,2.2,11.0,2.7,13.6,4.9,24.4,0.2,0.9,0.4,2.1,3.9,19.5,2.3,11.5,0.8,3.9,1.5,7.5,0.4,2.0,0.8,3.7
16,Carmelo Anthony,2546,5.5,23.7,1.9,8.1,3.0,13.1,0.4,1.7,5.1,22.2,2.6,11.5,0.6,2.6,0.7,3.1,0.9,4.0,1.0,4.2,1.3,5.7
17,John Wall,202322,2.6,11.2,5.5,23.5,9.4,40.2,,,0.2,0.9,3.0,12.8,0.6,2.5,0.2,0.9,0.4,1.6,0.2,1.0,1.2,5.4
18,Kawhi Leonard,202695,2.2,11.8,2.4,12.8,2.5,13.7,0.2,1.1,2.4,13.0,4.3,23.5,1.2,6.4,0.8,4.3,1.2,6.6,0.6,3.5,0.6,3.5
19,Karl-Anthony Towns,1626157,1.2,6.6,1.3,7.3,,,4.4,24.8,3.1,17.4,2.0,11.1,,,1.4,8.0,1.0,5.6,2.0,11.5,1.3,7.3
20,Brook Lopez,201572,1.4,6.6,0.8,3.7,,,4.4,21.2,6.1,29.8,1.8,8.5,0.2,0.7,2.8,13.7,0.3,1.3,2.0,9.9,1.0,4.7
21,Reggie Jackson,202704,2.3,11.4,2.7,13.2,11.3,55.9,,,,,1.7,8.2,0.4,2.1,0.2,1.1,0.3,1.2,0.3,1.3,1.1,5.5
22,Anthony Davis,203076,2.0,8.7,1.9,8.1,,,5.8,24.7,4.3,18.4,3.0,13.0,0.2,1.0,1.8,7.5,1.5,6.5,1.5,6.4,1.3,5.5
23,Chris Paul,101108,2.9,15.2,2.5,12.9,10.0,51.9,,,0.3,1.4,1.2,6.2,0.6,3.3,,,0.2,0.9,0.2,1.0,1.3,6.5
24,Khris Middleton,203114,2.0,11.1,2.5,13.6,3.3,18.0,0.3,1.7,1.5,8.1,3.0,16.4,1.9,10.3,0.4,2.1,2.2,11.8,0.2,1.3,1.0,5.5
25,Dwyane Wade,2548,2.3,11.0,2.7,12.8,7.4,34.8,,,2.2,10.5,1.5,7.3,0.9,4.4,1.1,5.0,1.2,5.6,0.8,3.8,1.0,4.7
26,Jimmy Butler,202710,2.5,12.3,2.5,12.1,6.5,31.7,0.2,0.9,1.2,5.7,2.2,10.6,1.1,5.5,1.9,9.2,1.0,4.9,0.6,2.7,0.9,4.4
27,Paul Millsap,200794,1.4,7.9,1.9,10.9,0.3,1.5,3.2,18.0,2.8,16.0,3.4,19.4,0.2,0.9,2.1,11.7,0.6,3.2,1.0,5.8,0.9,4.8
28,Dirk Nowitzki,1717,0.8,4.6,0.8,4.6,,,3.3,18.6,5.2,29.6,3.9,22.2,0.1,0.8,0.6,3.2,1.5,8.6,0.5,2.7,0.8,4.6
29,Giannis Antetokounmpo,203507,2.7,15.5,3.6,20.4,1.8,10.0,0.4,2.5,1.4,8.1,2.9,16.5,0.4,2.5,1.9,10.9,0.2,1.1,1.1,6.0,1.1,6.5
30,LaMarcus Aldridge,200746,0.2,1.2,0.8,4.8,,,3.5,20.2,5.8,33.7,2.7,15.6,,,1.6,9.0,0.5,2.7,1.7,9.8,0.4,2.4
31,Andre Drummond,203083,0.7,3.6,1.1,6.0,,,2.4,13.2,5.0,27.5,0.3,1.5,,,2.3,12.4,,,4.2,23.3,2.3,12.6
32,Al Horford,201143,0.5,3.3,1.5,10.0,,,3.7,24.7,2.1,13.9,3.4,23.1,,,1.6,10.7,0.5,3.5,0.8,5.5,0.7,4.7
33,Jeff Teague,201952,2.4,13.9,2.9,17.4,6.9,40.6,,,0.2,1.0,1.7,10.3,0.9,5.5,0.3,1.6,0.6,3.3,,,1.0,5.8
34,Kevin Love,201567,0.5,3.3,1.5,9.0,,,2.5,15.3,4.0,24.6,4.3,26.3,0.2,1.5,0.7,4.3,0.8,4.6,0.9,5.6,0.9,5.2
35,JJ Redick,200755,0.3,2.5,1.7,12.2,0.8,5.5,,,,,2.3,16.6,2.6,18.5,0.2,1.4,5.4,38.7,,,0.5,3.6
36,Jordan Clarkson,203903,1.7,10.0,2.6,15.4,6.0,36.0,,,0.1,0.8,2.3,13.6,1.0,5.9,0.9,5.4,1.0,5.7,0.5,3.3,0.7,3.9
37,Evan Fournier,203095,0.7,5.1,2.4,16.0,3.2,21.8,,,,,3.7,24.8,1.3,8.6,0.7,4.5,1.9,12.6,0.2,1.5,0.6,4.4
38,Greg Monroe,202328,0.8,5.2,0.8,5.4,,,1.6,10.8,5.2,33.8,0.9,6.2,,,2.7,17.6,0.2,1.1,2.2,14.1,0.7,4.7
39,Rudy Gay,200752,2.8,15.4,3.3,18.3,1.3,7.0,0.9,4.9,1.9,10.5,3.5,19.5,0.4,2.2,1.1,6.0,1.1,5.9,1.1,6.4,0.7,3.8
40,Pau Gasol,2200,1.0,5.8,0.9,5.0,,,3.8,21.2,3.7,20.7,3.6,20.2,,,1.3,7.2,0.3,1.7,1.6,8.7,1.6,8.9
41,Nikola Vucevic,202696,1.4,7.2,1.0,5.1,0.2,0.9,3.5,18.4,5.4,28.3,2.5,13.4,0.2,0.9,1.8,9.6,0.3,1.5,1.8,9.5,1.0,5.2
42,Will Barton,203115,1.1,7.4,3.3,22.3,3.6,24.0,,,0.1,0.8,3.4,22.6,1.0,7.0,0.6,4.0,0.5,3.2,0.5,3.3,0.8,5.4
43,Kobe Bryant,977,4.0,19.9,2.0,9.6,4.3,21.0,0.2,0.9,2.8,13.6,2.6,12.7,1.4,6.9,0.4,1.8,1.5,7.2,0.4,1.9,0.9,4.4
44,Avery Bradley,202340,0.6,3.9,3.1,20.0,2.1,13.5,,,,,3.2,20.3,2.7,17.2,0.7,4.6,2.3,14.6,0.3,1.9,0.6,3.9
45,Victor Oladipo,203506,1.2,7.3,3.0,17.9,5.5,32.5,,,,,3.0,17.5,1.5,8.6,0.8,4.6,0.8,4.6,0.3,1.9,0.8,4.7
46,Zach LaVine,203897,1.2,8.2,3.1,21.5,4.2,29.1,,,,,2.0,14.1,1.6,10.7,0.3,1.9,1.1,7.3,0.2,1.4,0.8,5.4
47,Rodney Hood,203918,1.3,8.7,1.1,7.8,4.3,29.3,,,0.4,2.4,4.2,28.5,1.6,11.1,0.3,2.0,0.6,4.1,0.2,1.6,0.6,4.0
48,Draymond Green,203110,0.8,5.0,2.8,18.5,0.8,5.0,1.9,12.6,1.3,8.7,3.0,19.7,0.2,1.3,1.5,9.7,0.3,2.3,1.1,7.1,1.5,10.1
49,Marcus Morris Sr.,202694,2.2,14.6,1.6,11.0,1.8,12.3,0.6,4.3,2.1,13.8,3.4,22.7,0.5,3.3,0.3,2.0,0.7,4.8,0.7,4.3,1.0,6.9
50,Ryan Anderson,201583,1.6,9.2,1.4,8.3,0.4,2.3,2.5,15.1,3.0,17.5,3.4,20.1,0.2,1.3,0.4,2.6,1.7,10.2,1.6,9.4,0.6,3.8
51,Monta Ellis,101145,1.2,7.3,2.8,17.5,6.2,38.3,,,,,2.4,14.7,1.1,6.7,0.3,1.9,0.9,5.6,0.2,1.4,0.9,5.5
52,Jamal Crawford,2037,3.3,22.4,1.7,11.8,4.4,29.6,,,,,2.7,18.0,1.3,8.8,,,0.5,3.3,0.1,0.9,0.6,4.1
53,Tobias Harris,202699,1.0,7.5,2.4,17.4,2.6,16.9,1.7,10.8,1.2,8.4,3.0,21.5,0.4,3.1,1.3,9.6,0.7,5.0,1.1,7.8,0.7,4.9
54,Kentavious Caldwell-Pope,203484,0.8,5.0,3.4,22.2,3.4,22.4,,,,,3.9,25.5,0.8,5.2,0.5,3.2,1.2,8.1,0.5,3.4,0.7,4.7
55,Thaddeus Young,201152,1.3,8.4,2.6,16.1,0.3,2.1,2.9,18.1,2.6,15.9,1.5,9.3,,,2.6,15.9,0.2,1.2,1.4,8.8,0.6,3.8
56,Jrue Holiday,201950,1.6,8.8,1.9,10.5,9.5,51.7,,,0.3,1.4,1.6,8.6,1.0,5.6,0.4,2.0,0.7,3.8,0.2,1.3,1.1,6.2
57,Derrick Rose,201565,1.9,9.7,2.9,14.6,8.5,43.5,,,,,3.3,16.7,0.7,3.6,0.7,3.5,0.3,1.3,0.4,2.2,0.9,4.4
58,Jabari Parker,203953,1.3,9.1,2.7,18.2,0.9,6.0,0.7,4.9,1.0,7.1,3.3,22.5,0.3,1.8,2.5,17.2,0.4,2.4,0.9,6.3,0.7,4.5
59,D'Angelo Russell,1626156,0.9,5.9,2.4,15.8,5.9,38.3,,,1.0,6.1,2.4,15.5,0.7,4.5,0.6,3.9,0.5,2.9,0.3,2.0,0.8,5.0
60,Devin Booker,1626164,0.9,6.2,2.8,18.6,4.0,26.8,,,0.5,3.3,1.7,11.4,1.1,7.2,0.6,4.1,2.0,13.3,0.2,1.1,1.2,8.1
61,Nicolas Batum,201587,1.5,9.3,1.7,10.6,3.7,22.7,,,0.8,5.0,2.2,13.3,2.0,12.1,0.4,2.4,2.6,16.0,0.4,2.2,1.0,5.9
62,Kyrie Irving,202681,2.9,14.3,2.6,13.1,8.8,43.6,,,0.4,1.9,2.2,10.7,0.9,4.3,0.3,1.3,0.9,4.3,0.3,1.4,1.0,4.9
63,Hassan Whiteside,202355,0.3,2.1,0.5,4.0,,,2.7,20.8,2.9,21.9,0.3,2.0,,,2.4,18.1,,,2.7,20.5,1.4,10.3
64,Zach Randolph,2216,2.6,15.8,0.5,3.1,,,1.6,9.7,5.9,36.2,1.6,10.0,,,1.0,6.2,0.2,1.3,1.9,11.7,0.9,5.4
65,Enes Freedom,202683,0.2,1.5,1.0,8.8,,,2.3,20.2,2.2,19.0,0.6,5.1,,,1.9,16.7,,,2.5,21.7,0.7,6.5
66,Jae Crowder,203109,0.3,2.1,2.8,20.7,1.0,7.3,0.5,3.8,0.5,3.5,4.5,33.0,0.9,6.5,0.8,5.6,1.0,7.4,0.5,3.5,0.9,6.6
67,Danilo Gallinari,201568,3.5,18.9,1.8,9.9,2.2,12.0,0.7,4.0,1.5,8.5,3.9,21.3,1.2,6.6,1.0,5.4,0.9,4.7,0.6,3.5,1.0,5.3
68,Darren Collison,201954,1.5,11.1,4.1,30.1,3.4,25.3,,,,,2.5,18.4,0.5,3.4,0.4,3.2,,,0.1,1.0,0.9,6.7
69,Kristaps Porzingis,204001,0.9,6.1,1.1,7.2,0.2,1.2,2.1,13.7,2.3,15.0,3.8,24.8,,,1.7,10.7,1.2,7.5,1.1,7.2,0.9,5.8
70,Lou Williams,101150,1.4,9.3,2.1,14.2,6.4,43.7,,,,,1.5,10.3,1.1,7.9,0.2,1.5,1.3,8.8,0.2,1.5,0.3,2.4
71,Trevor Ariza,2772,0.5,3.8,3.1,24.0,0.9,7.1,0.2,1.3,,,5.2,40.3,0.5,3.9,0.4,3.5,1.1,8.4,0.4,3.1,0.6,4.3
72,Brandon Knight,202688,2.3,10.4,2.8,12.9,9.4,42.7,,,,,3.1,14.0,1.6,7.4,0.5,2.4,1.1,5.1,0.2,1.0,0.9,3.9
73,Goran Dragic,201609,1.0,6.2,3.3,20.6,6.0,37.9,,,,,2.5,15.8,0.9,5.8,0.4,2.7,0.6,3.8,0.4,2.3,0.7,4.6
74,Derrick Favors,202324,0.4,2.5,0.6,3.6,,,3.6,22.1,3.7,22.6,1.8,10.7,,,3.7,22.7,,,1.4,8.6,1.0,6.0
75,Marcin Gortat,101162,0.1,1.1,1.0,7.6,,,3.0,23.1,2.0,15.6,0.2,1.6,,,4.1,31.4,,,1.4,10.7,1.1,8.2
76,Chris Bosh,2547,2.4,13.4,0.8,4.6,0.2,1.1,4.4,24.4,1.6,8.6,4.9,27.0,0.2,1.2,0.8,4.6,1.4,7.5,0.5,3.0,0.8,4.7
77,Joe Johnson,2207,1.9,14.3,1.5,10.9,3.2,23.9,,,1.6,12.2,3.2,23.6,0.3,1.9,,,0.8,6.1,0.2,1.4,0.5,3.6
78,Serge Ibaka,201586,0.2,1.7,1.6,12.4,,,3.6,26.9,0.4,3.0,3.9,29.8,,,1.3,10.0,0.3,2.0,0.9,6.9,0.9,6.7
79,DeAndre Jordan,201599,,,0.9,7.5,,,2.4,20.3,0.8,7.2,,,,,2.4,20.8,,,2.0,17.4,2.9,25.4
80,Wesley Matthews,202083,0.7,5.8,1.4,10.9,1.2,9.2,0.2,1.3,1.3,9.9,4.6,36.2,0.8,6.6,0.3,2.7,1.5,11.9,0.1,1.1,0.6,4.4
81,Dwight Howard,2730,,,0.9,6.3,,,1.3,9.3,4.2,30.5,,,,,3.0,22.2,,,2.0,14.8,2.2,15.9
82,Ish Smith,202397,1.9,10.3,3.6,19.7,8.1,44.2,,,,,2.5,13.6,0.8,4.1,,,0.2,1.3,0.2,1.3,0.8,4.3
83,Mirza Teletovic,203141,0.3,2.9,1.6,13.7,0.2,1.3,1.1,8.9,1.6,13.5,3.8,32.5,0.6,4.7,0.2,2.0,1.4,12.1,0.5,4.0,0.5,4.4
84,Bradley Beal,203078,1.1,6.0,3.1,17.5,5.2,29.5,,,,,2.3,13.2,1.3,7.2,0.6,3.4,2.7,15.2,0.3,1.4,1.0,5.5
85,JR Smith,2747,1.6,12.8,1.9,15.3,1.0,7.9,,,0.2,1.3,4.1,33.7,0.6,4.6,0.2,1.8,2.0,16.6,,,0.6,4.7
86,Marvin Williams,101107,,,0.9,8.1,0.2,2.1,1.6,14.8,0.5,4.3,4.3,39.5,0.4,3.7,0.7,6.4,0.5,4.6,1.0,9.0,0.8,7.1
87,Jeff Green,201145,1.2,9.6,1.8,14.1,2.4,18.6,0.9,7.5,1.1,8.4,2.3,17.9,0.5,4.1,1.0,7.7,0.8,5.8,0.7,5.1,0.7,5.5
88,Gary Harris,203914,0.5,3.9,2.6,21.4,1.3,10.4,,,,,3.2,26.5,1.8,14.7,1.2,9.8,0.9,7.7,0.2,2.0,0.4,3.5
89,Jahlil Okafor,1626143,3.5,19.0,1.2,6.6,,,2.4,13.1,5.9,32.0,0.8,4.6,,,2.1,11.1,,,1.6,8.5,0.7,4.0
90,Julius Randle,203944,3.0,21.8,2.1,15.8,0.3,2.2,1.3,9.4,1.6,11.9,1.5,11.2,,,1.2,8.7,0.3,2.2,1.4,10.4,0.8,5.8
91,Deron Williams,101114,1.7,11.0,1.6,10.5,4.3,27.6,,,1.3,8.6,2.6,16.7,0.9,5.8,0.3,1.8,1.8,11.5,,,0.9,6.0
92,Jeremy Lin,202391,1.0,7.4,1.7,13.2,4.3,32.7,,,,,2.8,21.9,0.9,7.3,0.6,4.2,0.9,7.1,,,0.7,5.5
93,Luol Deng,2736,0.5,4.3,1.9,15.5,0.4,2.9,0.9,7.0,0.8,6.7,4.4,35.5,0.2,1.9,1.2,9.5,0.6,4.5,0.9,6.9,0.7,5.4
94,Arron Afflalo,201167,1.2,8.8,1.7,13.2,1.1,8.0,,,2.2,16.9,3.1,23.4,0.9,7.0,0.4,3.3,2.0,14.9,,,0.4,3.2
95,George Hill,201588,0.6,4.8,2.5,20.6,3.5,28.7,,,0.1,1.2,2.4,19.8,0.5,4.1,0.4,3.4,1.1,9.2,0.3,2.4,0.7,5.4
96,Bojan Bogdanovic,202711,0.9,7.8,2.2,18.7,1.4,12.3,,,0.8,7.2,3.6,31.0,0.3,2.4,0.6,4.9,1.1,9.8,0.2,1.8,0.4,3.7
97,Dennis Schroder,203471,0.9,6.9,1.3,9.6,7.1,54.4,,,,,1.6,12.3,0.8,6.1,0.2,1.5,0.6,4.5,,,0.6,4.4
98,Emmanuel Mudiay,1626144,1.2,6.7,2.7,15.3,7.7,43.0,,,0.5,2.8,2.7,15.0,0.9,4.8,0.5,2.9,0.6,3.5,0.3,1.4,0.9,4.8
99,Kent Bazemore,203145,0.6,4.8,2.9,23.4,1.9,15.1,,,,,3.7,30.1,0.8,6.8,1.1,8.9,0.6,4.6,0.2,1.5,0.6,4.6
100,Otto Porter Jr.,203490,0.2,1.5,2.8,24.6,1.1,9.9,0.3,2.6,0.1,1.3,3.2,28.9,0.3,2.5,1.1,9.4,0.8,7.3,0.8,7.1,0.5,4.8
101,Shabazz Muhammad,203498,0.5,5.2,2.1,20.2,0.7,6.9,,,1.0,9.9,2.2,20.7,0.4,4.2,1.0,9.1,1.1,10.5,1.0,9.4,0.4,3.8
102,Marc Gasol,201188,1.0,5.6,0.3,1.9,,,4.0,22.1,7.2,40.2,1.9,10.5,,,1.5,8.2,0.3,1.4,0.6,3.2,1.2,6.7
103,Rajon Rondo,200765,1.2,7.4,3.1,19.8,6.2,39.3,,,,,2.4,15.4,0.4,2.4,0.6,3.8,,,0.4,2.5,1.4,8.9
104,Robert Covington,203496,0.6,4.1,2.8,20.0,0.6,4.5,0.8,5.5,,,5.1,37.2,1.1,8.1,0.5,3.5,0.7,4.9,0.5,3.9,1.1,8.0
105,Mike Conley,201144,1.0,6.4,1.8,11.4,6.8,43.3,,,,,1.9,12.5,1.5,9.4,0.4,2.6,1.3,8.0,0.2,1.4,0.8,4.8
106,Tony Parker,2225,0.7,5.5,1.6,12.5,6.5,51.0,,,,,1.5,12.0,0.6,4.8,0.3,2.7,0.9,7.0,,,0.5,4.1
107,Evan Turner,202323,1.3,10.5,1.9,15.0,3.9,31.5,,,1.3,10.5,1.7,13.8,0.7,5.7,0.5,4.3,0.3,2.2,0.3,2.3,0.5,4.1
108,Isaiah Canaan,203477,1.3,11.1,2.1,18.4,2.3,20.3,,,,,3.2,27.9,1.0,8.9,0.3,2.3,0.6,5.6,,,0.5,4.1
109,Robin Lopez,201577,0.2,1.5,0.3,2.5,,,1.4,13.0,3.1,29.2,0.4,3.8,,,2.0,18.6,,,2.4,22.5,0.9,8.6
110,Al-Farouq Aminu,202329,0.4,3.8,2.0,17.9,0.9,8.5,0.4,4.0,0.2,2.1,4.1,37.4,0.7,6.0,0.6,5.1,0.5,5.0,0.6,5.8,0.5,4.4
111,Chandler Parsons,202718,1.0,7.7,2.0,15.5,2.5,18.6,0.2,1.2,0.4,3.1,3.7,28.2,0.7,5.0,0.7,5.6,1.2,9.1,0.2,1.6,0.6,4.5
112,Kenneth Faried,202702,0.3,2.2,1.6,13.3,,,2.0,16.2,1.4,11.5,0.6,5.2,,,2.5,20.8,,,2.6,21.3,1.1,9.1
113,Jared Sullinger,203096,0.7,5.8,0.8,6.9,,,2.0,16.8,2.0,16.3,2.5,20.9,,,1.1,8.9,0.6,4.8,1.5,12.5,0.8,6.5
114,Allen Crabbe,203459,,,1.7,17.9,0.9,9.2,0.3,3.2,,,3.1,32.5,1.0,10.8,0.4,4.3,1.6,16.3,0.1,1.3,0.3,3.3
115,Gorgui Dieng,203476,0.4,3.7,0.7,7.2,,,2.3,22.3,1.6,15.7,1.4,14.2,,,1.7,16.9,,,0.9,8.8,1.1,10.7
116,Omri Casspi,201956,0.3,2.7,2.7,23.5,0.5,4.4,0.3,2.8,0.1,1.3,4.4,38.2,0.5,4.6,1.1,9.2,0.5,4.7,0.5,4.6,0.5,4.2
117,Ramon Sessions,201196,0.4,3.6,2.6,25.9,3.5,35.1,,,,,1.8,17.7,0.4,3.5,0.5,5.2,0.3,3.0,,,0.5,5.1
118,J.J. Barea,200826,1.0,8.9,1.0,8.6,6.1,52.8,,,,,2.0,17.2,0.6,5.1,0.1,1.2,0.2,1.7,,,0.4,3.7
119,Nikola Jokic,203999,0.4,3.5,0.6,5.9,,,1.9,19.5,2.0,19.8,1.1,10.7,,,1.5,15.4,,,1.4,13.7,1.0,9.9
120,Elfrid Payton,203901,1.0,7.1,2.1,15.4,4.7,34.8,,,,,2.4,18.0,0.8,5.7,0.7,5.4,0.3,1.9,0.5,4.1,1.0,7.4
121,Nikola Mirotic,202703,0.5,3.9,1.4,11.6,0.3,2.8,0.9,7.6,1.3,11.1,4.4,36.4,0.6,5.3,0.7,5.6,0.6,5.1,0.5,4.6,0.7,6.1
122,Harrison Barnes,203084,1.0,8.7,2.2,19.1,0.5,4.4,0.3,2.9,1.4,12.7,3.3,29.5,0.2,1.3,1.1,9.6,0.5,4.1,0.4,3.6,0.4,3.9
123,Jonas Valanciunas,202685,,,0.5,3.9,,,1.7,14.2,3.3,27.4,0.4,3.2,,,2.5,20.7,,,2.4,20.3,1.0,8.6
124,Ersan Ilyasova,101141,,,1.7,14.5,,,1.6,13.4,0.5,4.4,4.0,33.9,0.2,1.6,0.8,6.7,0.8,6.4,1.5,12.9,0.6,4.9
125,Ricky Rubio,201937,0.5,3.9,2.2,18.5,4.9,40.7,,,,,2.7,22.6,0.5,4.0,0.1,1.1,,,,,0.9,7.3
126,Markieff Morris,202693,1.6,10.9,1.6,11.9,0.3,2.3,2.1,14.2,3.7,24.7,3.2,24.6,,,0.9,6.4,0.7,4.8,0.6,4.5,1.3,8.7
127,Doug McDermott,203926,,,1.5,16.3,0.3,3.6,,,0.3,2.9,2.5,28.1,1.2,14.0,0.9,10.2,1.4,15.7,0.4,4.0,0.3,3.3
128,Raymond Felton,101109,1.1,10.2,1.0,8.6,5.0,45.0,,,,,2.5,22.3,0.3,2.6,0.2,1.8,0.3,2.3,,,0.7,6.6
129,Dion Waiters,203079,1.7,15.2,2.2,19.1,2.9,25.4,,,,,2.8,24.4,0.4,3.6,,,0.8,7.0,0.1,1.1,0.3,2.5
130,Courtney Lee,201584,0.4,4.1,1.5,15.1,1.5,15.7,,,,,2.9,30.0,0.4,4.1,0.4,4.5,1.8,18.4,0.2,2.2,0.5,5.7
131,Hollis Thompson,203138,0.2,1.6,2.0,19.1,0.7,6.6,,,,,4.1,39.7,1.2,11.3,0.5,4.6,0.8,8.2,0.4,4.2,0.4,3.4
132,Matt Barnes,2440,0.3,2.9,2.4,20.7,0.6,5.3,0.4,3.3,0.3,2.3,3.6,31.1,0.4,3.1,1.1,9.3,0.8,7.0,0.7,6.2,1.0,8.6
133,CJ Miles,101139,0.3,2.6,2.4,20.4,0.8,7.1,0.3,2.5,,,3.5,29.1,1.3,10.5,,,2.2,18.7,0.3,2.4,0.6,5.0
134,Blake Griffin,201933,2.1,9.4,2.5,11.1,1.3,5.7,4.7,21.0,4.7,21.3,2.9,13.3,,,1.2,5.4,0.6,2.7,0.8,3.6,1.4,6.2
135,Jerami Grant,203924,1.3,11.9,1.8,16.0,0.3,2.7,1.2,10.5,0.6,5.7,2.8,24.9,0.3,2.8,1.4,12.6,0.3,2.4,0.7,6.0,0.5,4.5
136,Mason Plumlee,203486,0.5,5.4,1.3,12.7,,,2.1,20.8,0.9,8.6,0.4,4.3,,,2.3,23.0,,,1.1,11.4,1.3,12.5
137,Nerlens Noel,203457,1.2,9.3,1.3,10.4,,,2.3,18.4,1.3,10.2,1.1,8.3,,,2.7,21.2,,,1.6,12.8,1.1,8.5
138,Derrick Williams,202682,1.0,10.9,1.9,20.6,0.5,5.1,0.7,7.4,0.9,9.6,2.0,21.0,0.3,2.7,1.0,10.9,0.5,5.0,0.4,3.8,0.3,3.1
139,Kyle Korver,2594,,,1.3,13.9,0.6,6.8,,,,,2.2,24.0,1.2,13.2,0.3,3.5,2.8,31.4,,,0.5,5.8
140,Terrence Ross,203082,0.6,6.0,1.3,13.8,1.1,11.8,,,,,3.3,34.3,0.5,5.5,,,2.3,23.7,,,0.3,2.7
141,Aaron Gordon,203932,0.4,4.1,1.6,17.4,0.5,5.1,0.7,7.0,0.4,4.3,2.3,24.7,0.2,2.5,1.1,12.2,,,1.4,14.6,0.7,7.3
142,Alex Len,203458,0.3,2.5,0.5,4.5,,,1.3,11.3,3.3,29.6,1.0,9.0,,,2.2,19.7,0.2,1.8,1.4,12.7,0.9,8.4
143,Patrick Beverley,201976,0.8,8.0,2.1,20.1,1.9,19.0,0.2,1.9,,,3.7,36.5,0.3,2.6,,,,,0.4,3.4,0.7,6.7
144,Marco Belinelli,201158,,,1.5,13.0,1.5,13.3,,,,,2.3,20.3,1.0,9.3,0.4,3.8,3.8,33.6,,,0.5,4.7
145,Patty Mills,201988,0.2,2.3,1.2,13.6,2.5,28.4,,,,,2.1,24.3,0.7,7.7,0.4,4.9,1.1,12.2,,,0.4,5.1
146,Kelly Olynyk,203482,0.3,2.9,1.4,13.9,,,1.9,19.4,0.7,7.3,2.5,24.9,0.5,5.0,0.7,7.5,0.6,5.7,0.7,6.6,0.6,5.7
147,Eric Gordon,201569,1.0,6.9,2.4,16.2,4.0,26.4,,,,,4.2,27.6,1.0,6.6,0.2,1.5,1.7,11.1,,,0.4,2.8
148,Trey Burke,203504,0.8,6.8,1.4,12.2,4.0,34.7,,,,,2.8,24.1,1.6,13.4,,,0.4,3.3,,,0.5,4.0
149,Cory Joseph,202709,1.1,11.2,0.9,9.4,4.4,46.2,,,,,1.8,19.2,0.3,3.0,,,0.2,2.0,,,0.7,6.8
150,Luis Scola,2449,,,1.3,13.6,,,1.7,18.4,1.4,15.5,2.7,29.4,,,0.7,7.8,,,0.8,8.2,0.5,5.1
151,Ian Mahinmi,101133,0.2,2.3,0.7,7.8,,,1.9,20.9,1.0,10.8,0.7,8.0,,,2.7,29.6,,,0.8,9.1,1.0,10.9
152,P.J. Tucker,200782,0.3,3.2,1.7,18.1,0.6,6.6,0.1,1.6,0.8,8.5,2.7,29.5,0.1,1.6,0.7,7.7,0.2,2.1,1.2,13.3,0.7,7.9
153,Zaza Pachulia,2585,0.5,5.6,0.4,4.1,,,1.7,17.9,0.4,4.2,0.9,9.1,,,3.0,31.4,,,1.4,15.1,1.1,11.6
154,Jordan Hill,201941,0.5,4.9,0.5,4.7,,,1.9,19.8,2.3,24.1,0.7,7.6,,,1.7,17.3,,,1.3,13.1,0.7,7.6
155,Tristan Thompson,202684,,,0.5,7.3,,,1.5,21.0,0.4,5.8,0.2,2.5,,,2.0,28.3,,,1.7,23.5,0.8,11.2
156,Cody Zeller,203469,0.2,2.0,0.9,11.2,,,2.4,28.8,0.2,2.6,1.0,11.7,,,1.6,19.8,0.3,3.8,0.9,10.4,0.7,8.7
157,Jared Dudley,201162,,,1.5,20.4,,,1.0,13.5,,,3.3,43.3,,,0.5,6.7,0.4,5.6,0.2,3.0,0.3,4.1
158,Steven Adams,203500,,,0.5,7.0,,,1.9,24.7,0.6,7.3,,,,,2.2,29.4,,,1.5,19.5,0.9,11.7
159,Eric Bledsoe,202339,2.8,13.1,4.0,18.7,8.1,38.2,,,0.3,1.6,2.6,12.2,0.6,2.7,0.3,1.6,0.9,4.4,,,1.3,6.0
160,Mario Chalmers,201596,0.7,5.8,1.7,15.2,4.5,39.9,,,,,1.9,16.8,0.7,6.0,0.3,2.3,0.3,2.4,0.3,2.3,1.0,9.0
161,Taj Gibson,201959,0.2,1.7,0.4,4.5,,,1.1,12.0,2.1,24.3,0.5,5.8,,,2.3,26.1,,,1.6,18.6,0.6,6.4
162,Langston Galloway,204038,0.4,4.8,1.9,22.0,1.5,17.4,,,,,2.4,28.0,0.7,8.1,0.4,5.0,0.5,6.1,0.2,2.7,0.5,5.8
163,Gerald Henderson,201945,0.8,8.6,1.2,13.1,1.7,18.2,,,0.7,7.8,2.0,22.1,0.7,7.4,0.5,5.3,0.8,8.3,0.2,2.4,0.5,5.7
164,Michael Carter-Williams,203487,1.7,11.8,1.9,13.3,4.7,32.5,,,0.7,4.7,2.1,14.7,0.4,2.4,1.2,8.2,0.2,1.3,0.4,2.9,1.1,7.9
165,Myles Turner,1626167,0.4,4.0,0.8,7.4,,,3.0,27.8,2.4,21.9,0.9,8.3,,,1.5,13.9,0.3,2.5,0.7,6.8,0.8,7.3
166,Nik Stauskas,203917,0.4,4.2,1.7,17.9,1.5,15.5,,,,,3.7,38.9,0.9,9.3,0.2,2.3,0.7,7.0,0.2,1.6,0.3,3.3
167,Gerald Green,101123,0.3,3.3,1.7,17.3,0.7,7.3,,,0.3,2.8,3.4,35.0,1.1,11.8,0.3,3.6,1.1,11.2,0.3,2.8,0.4,4.6
168,Frank Kaminsky,1626163,0.3,3.9,0.5,6.2,,,1.6,20.5,0.9,10.8,2.6,33.0,0.1,1.7,0.8,9.4,0.2,2.9,0.4,4.8,0.5,5.9
169,Austin Rivers,203085,1.3,14.3,1.4,14.4,3.1,33.3,,,,,1.8,19.5,0.6,6.7,0.4,4.8,0.2,2.5,,,0.3,3.0
170,Stanley Johnson,1626169,1.0,9.2,1.9,18.7,2.3,21.7,,,0.5,4.3,2.7,25.7,0.7,6.7,0.2,2.1,0.2,2.4,0.5,4.5,0.4,4.0
171,Corey Brewer,201147,0.2,2.0,2.8,33.0,0.4,4.6,,,,,2.8,32.7,0.6,6.7,0.4,4.9,0.5,6.5,0.2,2.3,0.5,6.1
172,Marcus Thornton,201977,0.5,4.6,2.0,18.4,2.3,21.4,,,,,2.8,26.6,0.7,6.6,0.5,4.4,0.8,7.8,0.4,3.4,0.6,5.8
173,Wayne Ellington,201961,0.2,2.4,1.3,16.0,1.5,17.8,,,,,2.6,31.9,0.6,7.1,0.3,4.1,1.2,14.8,0.1,1.6,0.3,4.0
174,Garrett Temple,202066,0.2,2.3,2.5,31.7,0.8,9.8,,,,,2.5,32.5,0.2,2.6,0.3,4.2,0.6,7.9,0.2,2.4,0.5,6.3
175,Jeremy Lamb,203087,0.6,6.9,1.1,11.9,2.2,24.3,,,,,1.7,18.8,0.5,5.9,0.7,8.0,1.4,15.9,0.4,4.7,0.3,2.8
176,JaMychal Green,203210,0.3,3.3,0.7,8.7,,,1.2,14.8,1.1,13.9,1.5,18.0,,,1.3,15.9,,,1.5,18.0,0.5,6.6
177,Amir Johnson,101161,0.2,3.1,0.8,10.8,,,1.1,15.6,0.8,10.9,0.7,9.4,,,1.4,19.3,,,1.3,17.4,0.9,12.7
178,Lance Stephenson,202362,4.7,31.0,1.7,11.3,3.3,21.8,,,0.8,5.1,2.3,15.6,0.6,3.8,0.5,3.6,,,0.6,3.8,0.3,4.9
179,Danny Green,201980,0.2,1.8,1.7,21.0,0.4,4.4,,,,,3.6,42.7,0.4,5.0,0.4,4.9,0.9,10.5,0.3,3.0,0.5,6.4
180,Matthew Dellavedova,203521,0.3,3.4,0.8,9.0,4.0,46.7,,,,,2.0,23.2,0.5,6.0,0.1,1.7,0.2,2.0,,,0.5,6.2
181,Jon Leuer,202720,0.7,7.9,0.9,10.6,,,2.0,23.5,0.7,7.5,2.1,23.6,0.2,1.9,0.8,8.9,,,0.7,8.4,0.6,6.3
182,Shane Larkin,203499,0.6,6.2,1.3,14.1,4.2,47.0,,,,,1.1,12.4,0.6,6.3,0.5,5.3,,,,,0.6,6.8
183,Al Jefferson,2744,,,0.2,1.9,,,2.1,16.9,6.5,51.8,0.6,4.8,,,1.7,13.8,,,0.7,5.8,0.3,2.6
184,Marcus Smart,203935,0.5,4.7,1.9,16.8,2.0,18.2,,,0.7,6.1,2.8,25.2,0.7,5.9,0.6,5.0,0.3,2.9,0.8,6.7,0.9,8.1
185,Rudy Gobert,203497,0.2,1.8,0.7,6.6,,,1.7,17.5,0.4,4.0,0.2,2.1,,,2.9,29.2,,,2.3,23.3,1.5,15.3
186,Manu Ginobili,1938,0.6,6.2,1.0,9.8,2.4,23.8,,,,,2.7,27.2,0.8,7.7,0.7,6.8,0.8,7.9,,,0.7,6.8
187,David West,2561,0.2,3.5,0.5,7.1,,,1.4,19.4,1.5,21.0,1.3,17.9,,,1.0,14.8,0.1,2.0,0.4,6.0,0.5,7.1
188,Wesley Johnson,202325,0.1,1.9,1.5,20.7,0.2,2.1,0.4,5.8,,,3.0,41.5,0.6,8.5,0.4,5.5,0.4,6.0,0.2,2.2,0.4,5.3
189,Jason Smith,201160,,,0.4,4.6,,,3.1,40.4,0.2,2.4,2.1,27.0,,,0.5,6.3,0.3,3.7,0.4,4.6,0.8,9.7
190,Jose Calderon,101181,0.2,2.2,0.8,10.2,2.9,38.1,,,,,1.8,23.0,0.6,7.7,0.2,2.9,0.6,7.7,,,0.6,7.5
191,Patrick Patterson,202335,,,0.7,10.3,,,1.0,14.2,0.2,2.4,3.8,52.8,,,0.2,2.6,,,0.6,8.6,0.5,7.0
192,Clint Capela,203991,,,0.9,12.8,,,1.3,18.5,0.3,4.4,,,,,2.1,29.2,,,1.7,23.5,0.6,9.0
193,Jerryd Bayless,201573,0.8,7.2,1.6,15.6,2.2,21.1,,,,,3.1,29.9,0.9,9.0,0.3,2.6,0.9,8.6,,,0.5,4.8
194,Tony Allen,2754,0.4,4.7,2.2,23.6,0.5,5.2,,,0.2,2.5,2.2,23.3,0.3,3.0,1.6,17.3,,,1.0,11.0,0.7,7.3
195,Ben McLemore,203463,0.4,4.5,2.3,26.2,0.7,8.2,,,,,2.4,27.7,0.6,6.3,0.5,6.0,1.2,13.4,0.2,1.8,0.5,5.5
196,Toney Douglas,201962,0.6,6.9,1.6,17.3,3.4,37.2,,,,,1.8,19.5,0.7,7.4,0.3,3.1,,,,,0.5,6.0
197,Kosta Koufos,201585,,,0.5,7.8,,,1.4,21.0,0.9,13.2,,,,,2.3,32.7,,,1.2,17.1,0.4,5.6
198,Darrell Arthur,201589,0.2,2.4,0.7,8.3,,,1.7,20.8,0.7,8.0,2.5,30.1,,,1.0,11.8,0.2,2.6,0.6,7.8,0.6,7.8
199,Ed Davis,202334,,,0.2,3.1,,,1.5,24.9,0.3,4.4,,,,,1.6,27.0,,,1.7,28.4,0.5,9.1
200,Nene,2403,0.6,6.6,0.7,7.5,,,1.6,16.9,3.0,31.0,0.6,6.1,,,2.0,21.3,,,0.3,3.5,0.6,5.9
201,Tim Duncan,1495,,,0.4,4.5,,,2.3,24.2,2.5,25.9,0.5,5.3,,,1.7,18.0,,,0.8,8.2,1.1,11.3
202,Rodney Stuckey,201155,0.6,5.7,2.2,21.6,3.2,31.5,,,,,1.6,16.3,0.9,8.7,0.3,3.3,0.5,4.6,,,0.6,5.5
203,T.J. Warren,203933,0.4,4.2,2.5,23.5,1.1,10.3,,,,,2.4,22.3,0.5,4.4,1.0,9.1,1.2,10.9,1.0,8.9,0.4,4.2
204,Aron Baynes,203382,,,0.3,5.3,,,1.5,22.3,1.1,17.6,0.3,4.5,,,1.2,18.4,,,1.2,18.4,0.7,11.2
205,Kevin Martin,2755,1.5,13.1,1.7,15.4,1.7,15.4,,,0.5,4.1,1.7,14.9,0.6,5.3,0.5,4.6,2.5,22.0,,,0.5,4.4
206,Marreese Speights,201578,0.4,5.1,0.6,7.0,,,1.7,21.8,0.7,8.6,1.5,18.9,,,0.8,10.2,0.8,10.7,0.8,10.7,0.5,6.5
207,Meyers Leonard,203086,,,0.6,6.8,,,2.3,26.4,0.5,5.8,3.1,35.4,,,0.6,7.2,0.2,2.4,0.4,4.1,0.8,9.4
208,Archie Goodwin,203462,0.9,8.3,2.2,21.3,2.7,25.9,,,,,2.1,20.1,0.5,5.1,0.6,5.6,0.2,1.8,0.4,3.3,0.9,8.3
209,Justise Winslow,1626159,0.2,2.5,1.9,24.1,0.6,7.0,,,0.3,3.4,2.4,30.2,0.3,4.3,0.9,12.0,,,0.6,7.5,0.5,6.6
210,Maurice Harkless,203090,0.2,3.7,1.1,16.7,0.4,6.2,0.1,2.1,0.3,4.4,1.9,28.1,0.2,3.5,0.8,12.5,0.3,4.6,0.9,12.9,0.4,5.4
211,T.J. McConnell,204456,0.5,6.9,1.0,13.1,3.5,46.0,,,,,1.0,12.5,0.6,7.4,0.2,2.6,0.2,3.0,0.2,2.1,0.5,6.4
212,Aaron Brooks,201166,0.6,7.1,0.9,10.4,4.7,56.1,,,,,1.0,12.3,0.6,6.8,,,,,,,0.4,5.0
213,Shaun Livingston,2733,0.4,6.9,1.0,15.1,0.8,12.7,,,1.2,19.2,0.6,9.1,0.3,4.0,1.1,17.7,,,0.2,3.6,0.6,9.5
214,Trey Lyles,1626168,0.3,4.1,0.7,9.6,,,1.1,15.8,0.2,2.2,2.9,43.2,,,0.7,10.8,0.1,2.0,0.4,5.8,0.3,4.1
215,Devin Harris,2734,0.3,3.6,1.6,21.1,1.7,22.3,,,,,2.2,28.8,0.4,4.8,0.5,5.8,0.3,3.4,,,0.7,9.1
216,Boris Diaw,2564,0.3,4.5,0.4,6.1,,,0.8,11.4,2.6,38.5,1.3,20.0,,,0.5,8.1,,,0.3,3.7,0.4,5.7
217,Dante Cunningham,201967,,,1.2,18.9,0.2,3.9,0.3,4.5,,,2.7,43.6,0.2,2.8,0.7,11.6,0.1,2.2,0.3,4.5,0.4,5.9
218,Lance Thomas,202498,0.5,6.6,1.1,13.1,0.5,6.0,0.2,2.5,0.4,5.3,3.2,39.0,,,0.7,8.6,0.5,5.7,0.3,3.9,0.6,7.8
219,Roy Hibbert,201579,,,0.2,3.3,,,1.2,17.0,2.0,29.3,0.8,12.1,,,0.8,11.8,,,0.9,12.5,0.8,11.2
220,Thabo Sefolosha,200757,,,1.7,25.9,0.6,9.1,,,,,1.9,29.2,0.3,3.9,0.9,13.7,0.2,3.3,0.3,4.3,0.5,7.2
221,Mario Hezonja,1626209,0.3,4.3,1.1,15.9,1.4,20.4,,,,,1.7,25.6,0.5,7.4,0.2,3.1,0.9,13.9,0.2,2.6,0.4,5.7
222,Norris Cole,202708,0.5,3.8,2.2,16.9,6.2,47.7,,,,,2.1,16.4,0.9,7.0,,,,,,,0.6,5.0
223,Raul Neto,203526,0.4,5.6,1.0,14.0,1.9,27.8,,,,,2.3,33.2,0.7,10.2,0.1,2.2,,,,,0.4,5.2
224,Timofey Mozgov,202389,,,0.4,7.2,,,1.0,16.8,1.1,18.0,0.6,10.0,,,2.0,32.3,,,0.5,8.7,0.4,6.4
225,Randy Foye,200751,0.4,5.9,0.7,9.9,2.7,35.5,,,,,2.3,30.0,0.5,6.4,,,0.3,3.9,,,0.4,4.9
226,Brandon Bass,101138,0.4,6.5,0.8,12.1,,,1.8,27.3,0.7,11.4,0.3,4.9,,,1.2,17.7,,,0.8,12.4,0.4,6.3
227,Tyson Chandler,2199,,,0.4,5.0,,,1.3,18.0,0.6,8.3,0.3,4.1,,,2.0,26.7,,,1.6,21.5,1.1,15.1
228,D.J. Augustin,201571,0.8,6.5,1.6,14.0,5.6,48.9,,,,,1.4,28.0,0.8,6.5,,,,,,,0.8,6.9
229,Joffrey Lauvergne,203530,0.2,3.0,0.6,8.1,,,1.9,24.6,1.1,14.1,1.5,19.1,,,1.0,13.1,,,0.8,9.6,0.6,7.3
230,Mike Scott,203118,,,0.9,15.9,,,1.1,18.8,0.5,8.1,1.7,28.2,,,0.9,15.2,,,0.3,5.6,0.2,3.6
231,Trevor Booker,202344,0.1,1.9,0.8,12.9,,,1.1,16.1,0.2,3.3,1.1,16.9,,,1.2,18.2,,,1.3,19.4,0.7,10.2
232,Willie Cauley-Stein,1626161,0.2,2.9,1.2,18.2,,,1.0,14.2,0.4,5.6,0.3,4.5,,,1.9,28.6,,,1.3,18.9,0.5,6.8
233,Andre Iguodala,2738,0.6,7.9,1.8,23.8,0.6,7.7,,,0.2,2.9,2.0,26.7,0.2,2.3,0.6,8.1,0.4,5.4,0.2,3.3,0.8,10.8
234,Bismack Biyombo,202687,,,0.2,3.4,,,1.1,19.3,0.2,3.6,,,,,1.9,34.0,,,1.3,22.7,0.9,15.4
235,Shelvin Mack,202714,1.0,6.9,2.0,13.5,5.4,35.6,,,,,3.6,23.8,1.8,11.6,,,,,,,0.8,5.5
236,E'Twaun Moore,202734,0.3,3.3,1.4,18.2,1.9,24.8,,,0.2,2.4,2.1,27.7,0.7,9.7,0.4,4.8,,,0.2,2.6,0.4,4.8
237,Bobby Portis,1626171,0.7,8.5,0.8,9.7,,,1.3,16.1,1.3,16.5,1.6,19.4,,,0.5,6.0,,,1.4,16.7,0.5,6.2
238,Terrence Jones,203093,0.5,5.8,1.6,16.7,,,1.1,12.0,0.7,7.9,2.2,23.3,,,1.4,14.8,,,0.8,8.8,0.7,7.9
239,Leandro Barbosa,2571,0.4,5.8,1.8,27.3,1.0,14.4,,,,,1.3,19.3,0.4,5.3,0.2,3.6,1.0,15.6,,,0.4,6.7
240,Lavoy Allen,202730,,,0.5,8.5,,,1.0,17.2,0.5,8.5,0.8,13.6,,,1.3,22.0,,,1.1,19.1,0.5,9.1
241,David Lee,101135,0.5,5.5,0.8,10.1,,,2.2,25.7,1.6,18.6,0.6,7.1,,,1.9,24.9,,,1.4,18.0,0.5,5.5
242,Jerian Grant,1626170,0.7,9.6,1.1,15.7,2.4,35.0,,,,,1.3,19.3,0.3,4.9,0.3,3.8,0.3,4.7,,,0.4,6.0
243,Channing Frye,101112,,,0.4,7.2,,,1.0,20.6,0.7,9.4,3.5,49.7,,,0.3,5.4,0.5,9.9,0.3,5.4,0.5,9.0
244,Donald Sloan,202388,0.5,6.1,1.4,17.6,2.6,32.8,,,,,1.6,20.5,0.4,5.4,0.6,8.2,,,,,0.5,6.9
245,Jason Terry,1891,0.2,3.4,1.2,19.7,0.8,14.0,,,,,2.7,44.2,0.3,5.5,,,0.3,4.3,,,0.4,6.6
246,Paul Pierce,1718,0.6,7.9,1.0,13.6,0.1,2.1,1.2,16.3,0.5,6.4,2.8,39.5,,,,,0.5,6.4,,,0.3,3.9
247,Alec Burks,202692,1.7,11.7,2.2,15.5,4.5,31.5,,,,,3.1,21.4,1.1,7.7,0.5,3.6,,,,,0.6,4.5
248,Jarrett Jack,101127,1.6,10.1,1.7,10.9,6.8,43.9,,,,,2.8,18.4,0.7,4.7,,,0.4,2.8,,,1.1,7.1
249,PJ Hairston,203798,,,1.1,17.3,1.4,16.5,,,,,3.5,52.5,0.4,6.0,,,1.2,13.3,0.3,3.8,,
250,Richard Jefferson,2210,0.2,4.1,0.9,16.4,0.3,6.4,,,,,2.5,47.7,0.4,7.9,0.3,5.4,0.3,4.9,,,0.3,5.1
251,Dwight Powell,203939,,,0.4,6.5,,,1.4,23.4,,,0.8,14.4,,,1.6,26.9,0.6,9.5,0.5,9.2,0.5,8.0
252,John Henson,203089,,,0.4,6.2,,,1.6,21.9,1.0,14.0,0.2,3.4,,,2.1,29.6,,,1.0,14.3,0.7,9.4
253,Vince Carter,1713,0.3,4.9,0.7,9.5,1.1,16.3,,,0.6,8.3,1.9,28.3,0.5,7.8,0.3,4.1,0.6,8.0,0.3,4.9,0.5,6.8
254,Nick Young,201156,0.6,7.0,1.1,14.5,1.3,16.6,,,,,2.3,28.9,0.6,7.2,,,1.4,17.7,,,0.3,3.5
255,Gary Neal,202390,0.6,6.1,1.3,13.8,2.3,24.5,,,,,2.4,25.3,0.9,9.8,,,1.3,14.1,,,0.3,3.5
256,Andrew Nicholson,203094,,,0.5,7.3,,,1.3,18.6,2.2,32.3,1.5,22.3,,,0.3,5.0,0.2,2.6,0.3,5.0,0.4,5.5
257,Anthony Tolliver,201229,,,0.8,14.2,,,0.6,10.8,,,2.9,55.1,,,0.2,3.2,0.4,8.2,,,0.2,4.2
258,Anthony Morrow,201627,0.3,5.0,0.9,16.0,0.2,4.4,,,,,2.5,46.1,0.3,6.4,0.2,3.0,0.6,11.6,,,0.2,4.4
259,Tyreke Evans,201936,3.0,17.4,2.5,14.6,6.6,39.0,,,,,1.9,11.3,1.2,6.8,,,,,0.4,2.3,0.9,5.4
260,Andrew Bogut,101106,,,0.3,5.0,,,0.5,9.7,0.4,6.5,,,,,2.0,36.6,,,1.0,18.8,1.1,19.4
261,JaKarr Sampson,203960,0.3,4.3,1.5,23.4,0.4,5.7,,,,,1.7,26.1,0.6,8.7,1.0,16.1,,,0.4,6.7,0.3,5.4
262,Ty Lawson,201951,0.6,7.9,1.6,21.2,2.5,32.8,,,,,1.9,25.1,0.3,3.7,,,,,,,0.5,6.4
263,Tyler Zeller,203092,,,0.7,10.4,,,2.2,34.5,0.4,6.3,0.6,9.7,,,1.1,16.7,0.2,2.9,0.7,10.7,0.5,8.4
264,Markel Brown,203900,0.2,3.1,1.1,17.2,1.5,23.6,,,,,1.9,28.9,0.3,3.8,0.3,4.5,0.6,8.8,0.2,3.3,0.4,6.4
265,Alexis Ajinca,201582,,,0.3,4.3,,,1.8,27.5,0.6,9.6,1.0,15.1,,,1.2,17.1,0.3,4.5,0.7,10.8,0.6,8.6
266,Carl Landry,201171,0.5,5.4,0.5,5.4,,,1.5,17.3,1.8,20.4,1.4,16.6,,,1.3,15.3,,,1.1,12.1,0.3,3.5
267,Kyle Anderson,203937,0.7,13.6,0.8,15.6,0.5,9.7,,,0.5,9.7,1.4,27.9,0.2,4.9,0.2,4.1,,,0.2,3.6,0.3,6.7
268,Larry Nance Jr.,1626204,0.2,3.9,0.7,11.5,,,0.7,11.5,,,1.2,21.5,,,1.1,19.8,0.2,3.6,0.9,15.1,0.5,8.1
269,Sean Kilpatrick,203930,0.5,3.6,3.0,21.5,2.6,19.2,,,,,4.3,31.1,0.5,3.6,0.9,6.6,1.1,8.3,,,0.5,3.6
270,Kris Humphries,2743,,,0.9,13.3,,,1.8,25.6,,,2.4,34.9,,,1.1,16.8,,,0.6,9.2,0.8,11.7
271,Joe Ingles,204060,0.2,4.4,0.5,10.8,0.7,15.5,,,,,2.0,44.8,0.7,14.6,,,0.1,3.0,,,0.2,4.7
272,Josh Richardson,1626196,0.3,4.8,0.8,12.8,1.5,24.5,,,,,2.5,40.3,0.2,3.9,0.2,3.0,,,,,0.4,6.6
273,Jonas Jerebko,201973,,,0.7,14.2,,,0.6,11.8,0.2,4.8,1.7,36.6,,,0.6,11.8,,,0.3,7.0,0.4,8.3
274,Spencer Hawes,201150,0.2,3.1,0.3,4.8,,,1.2,18.1,0.9,13.7,2.0,28.5,,,0.9,12.7,,,0.5,7.4,0.7,9.9
275,Mo Williams,2590,0.4,4.0,1.3,14.7,4.0,43.2,,,,,1.7,18.4,0.6,6.9,,,0.4,4.3,,,0.6,6.9
276,Tony Snell,203503,0.5,7.1,1.1,16.7,1.1,17.0,,,,,2.1,33.5,0.6,9.9,0.3,3.9,0.2,3.0,0.2,2.7,0.4,5.7
277,Andre Roberson,203460,,,1.3,26.6,,,,,,,1.6,33.8,,,0.9,18.0,,,0.6,12.3,0.3,6.6
278,Brandon Jennings,201943,0.7,8.5,2.0,24.9,2.8,35.9,,,,,2.0,23.6,0.6,7.7,,,,,,,0.5,6.1
279,Josh Smith,2746,1.2,12.6,1.0,13.6,0.9,9.3,1.9,24.8,0.8,9.9,2.5,26.5,,,0.8,10.7,,,0.4,5.0,0.8,9.9
280,Jonathon Simmons,203613,0.5,8.2,1.2,19.4,0.9,15.8,,,,,1.7,28.2,0.4,6.4,0.5,7.9,0.3,4.8,,,0.4,6.4
281,Ronnie Price,101179,0.6,9.6,1.1,17.3,1.3,20.2,,,,,2.0,32.6,0.5,8.0,,,0.2,2.8,,,0.4,6.5
282,Cole Aldrich,202332,,,0.2,4.3,,,2.4,43.3,0.4,6.4,,,,,1.1,21.0,,,0.8,14.0,0.6,10.4
283,Luke Babbitt,202337,0.3,4.5,1.0,13.9,0.5,6.9,,,,,3.1,44.0,0.3,4.8,,,0.8,10.8,0.5,6.6,,
284,Tim Hardaway Jr.,203501,,,1.6,26.9,0.5,8.4,,,,,2.2,35.6,0.5,7.4,,,0.7,12.0,,,0.2,3.9
285,Alonzo Gee,202087,,,1.4,31.1,0.1,3.0,,,,,1.5,32.8,,,0.6,12.7,,,0.4,8.6,0.3,6.8
286,O.J. Mayo,201564,0.4,3.9,1.8,17.8,1.5,15.1,,,0.2,2.4,2.6,26.3,1.1,11.0,0.3,2.9,0.9,8.8,,,1.0,9.5
287,Festus Ezeli,203105,,,0.4,5.6,,,1.1,16.0,1.5,21.3,,,,,2.1,30.2,,,1.1,15.7,0.7,9.6
288,Charlie Villanueva,101111,,,0.7,12.2,,,0.6,10.8,0.4,6.2,2.2,37.7,0.2,3.5,0.2,4.1,0.9,15.2,0.3,4.9,0.2,3.3
289,Miles Plumlee,203101,,,0.3,5.6,,,1.0,20.3,0.6,12.3,,,,,1.5,30.9,,,0.9,17.3,0.5,9.3
290,Tyler Johnson,204020,0.4,5.0,1.0,11.4,2.4,27.8,,,,,2.4,26.8,0.8,9.5,0.3,3.8,0.4,4.4,0.3,3.5,0.7,7.9
291,Iman Shumpert,202697,0.6,7.8,1.1,15.8,1.1,15.3,,,,,3.0,41.5,0.2,3.4,,,0.4,4.9,,,0.5,7.0
292,Kyle O'Quinn,203124,0.4,6.4,0.4,6.4,,,1.1,19.7,1.0,18.3,0.8,14.7,,,0.8,14.2,,,0.6,10.0,0.5,8.6
293,Nemanja Bjelica,202357,0.5,10.1,0.5,9.4,,,0.6,12.4,0.2,4.6,1.7,32.6,,,0.4,7.8,,,0.5,8.8,0.5,10.4
294,Quincy Acy,203112,,,0.6,13.3,,,0.6,14.1,,,1.2,26.7,,,0.8,18.1,,,0.6,13.0,0.4,8.9
295,Thomas Robinson,203080,0.4,6.7,0.5,9.2,,,1.5,26.3,0.3,5.0,0.3,6.0,,,0.7,11.9,,,1.4,24.6,0.5,9.2
296,Brandon Rush,201575,,,1.1,25.4,0.2,3.9,,,,,1.8,42.4,,,0.3,6.8,0.3,7.7,0.1,3.2,0.3,6.1
297,Andrea Bargnani,200745,0.4,5.2,0.3,3.7,,,2.3,33.0,0.3,4.3,2.0,28.7,,,0.6,8.6,0.3,4.9,0.5,6.4,0.3,4.3
298,Amar'e Stoudemire,2405,,,0.2,4.0,,,1.6,27.3,1.1,19.2,0.2,3.7,,,1.1,19.5,0.2,3.7,0.8,14.1,0.3,6.1
299,Jameer Nelson,2749,0.8,7.8,0.9,9.3,4.7,47.0,,,,,2.1,20.7,0.7,7.2,,,,,,,0.4,3.9
300,Seth Curry,203552,0.3,4.6,1.1,17.4,1.8,27.8,,,,,1.7,27.0,0.3,4.6,,,0.7,11.0,,,0.3,4.6
301,Boban Marjanovic,1626246,,,,,,,,,,,,,,,,,,,,,,
302,Sasha Vujacic,2756,,,0.8,14.8,0.6,10.7,,,,,1.9,34.9,0.7,11.8,,,0.9,16.3,,,0.3,6.2
303,James Johnson,201949,1.0,17.3,0.9,15.4,0.4,6.5,,,0.3,5.6,1.7,30.6,,,0.4,6.5,0.2,4.0,0.3,5.2,0.2,4.3
304,Richaun Holmes,1626158,,,0.5,8.4,,,1.2,21.3,0.2,4.2,0.8,14.3,,,1.5,26.2,,,0.8,13.6,0.4,7.3
305,DeMarre Carroll,201960,0.7,5.9,2.7,21.4,1.2,9.3,,,,,4.0,32.5,0.4,3.4,1.0,8.0,1.0,8.0,0.5,4.3,0.7,5.6
306,Cameron Payne,1626166,0.2,3.3,0.8,13.2,2.7,45.6,,,,,1.5,24.9,0.2,3.3,,,,,,,0.3,4.8
307,Noah Vonleh,203943,0.1,2.9,0.3,7.7,,,0.8,18.3,0.3,7.2,1.1,24.9,,,0.5,11.7,,,0.7,16.0,0.4,8.9
308,Norman Powell,1626181,,,1.4,23.8,1.1,19.6,,,,,2.2,37.8,,,0.2,3.5,0.3,5.6,,,,
309,Chase Budinger,201978,,,1.0,19.7,0.4,8.6,,,,,1.3,27.0,0.2,4.5,0.5,10.7,0.8,16.0,0.4,8.6,0.6,16.1
310,Omer Asik,201600,,,,,,,1.0,21.3,,,,,,,1.6,34.8,,,1.1,23.5,0.6,13.9
311,Jusuf Nurkic,203994,,,0.3,3.2,,,2.6,24.5,3.4,31.9,0.3,3.2,,,1.3,11.8,,,1.6,15.3,1.0,9.4
312,Tim Frazier,204025,1.9,13.4,2.5,17.2,6.5,44.8,,,,,1.6,10.8,,,,,,,,,0.6,4.3
313,Dewayne Dedmon,203473,,,0.3,8.3,,,1.1,27.3,0.3,6.2,,,,,1.0,24.4,,,0.8,18.6,0.4,10.7
314,Michael Beasley,201563,2.2,17.5,1.9,15.1,0.7,5.2,1.6,12.4,0.7,5.6,2.5,20.3,,,1.0,8.0,,,0.9,7.2,0.7,5.2
315,Steve Blake,2581,0.2,3.0,0.5,8.5,2.4,41.5,,,,,1.3,23.6,0.4,6.4,,,0.2,3.6,,,0.7,11.8
316,Solomon Hill,203524,0.3,6.5,0.9,21.2,0.2,5.0,0.2,5.0,,,1.3,28.8,,,0.5,10.4,0.2,5.0,0.3,6.9,0.3,6.9
317,Troy Daniels,203584,,,0.5,9.8,0.4,8.4,,,,,1.9,37.2,0.5,10.2,,,1.2,24.2,,,0.3,5.1
318,Justin Holiday,203200,0.4,5.7,1.6,22.4,1.2,16.7,,,,,1.9,27.1,0.7,9.4,,,0.4,5.7,,,0.6,7.8
319,Marcelo Huertas,1626273,0.2,3.1,0.8,13.8,2.9,48.4,,,,,0.7,11.9,0.4,5.9,0.2,3.4,,,,,0.6,9.7
320,Ian Clark,203546,,,,,,,,,,,,,,,,,,,,,,
321,Kelly Oubre Jr.,1626162,,,0.9,21.5,0.4,9.4,,,,,1.3,31.3,0.3,6.8,0.5,11.3,0.2,4.9,0.3,6.4,0.2,5.3
322,Kyle Singler,202713,,,0.7,18.5,,,,,,,1.6,40.2,0.2,5.5,0.5,12.5,,,0.4,8.9,0.3,6.3
323,Luc Mbah a Moute,201601,,,0.7,18.4,,,0.3,7.5,,,1.1,29.7,,,0.9,24.8,,,0.3,8.3,0.2,4.9
324,Donatas Motiejunas,202700,,,0.7,9.5,,,1.4,18.2,1.6,21.9,1.6,21.2,,,1.0,13.1,,,0.5,6.2,0.4,5.8
325,Mike Dunleavy,2399,,,1.1,15.4,0.4,5.7,,,,,2.1,28.1,0.9,11.8,0.8,11.4,1.3,17.1,,,0.4,4.8
326,Tayshaun Prince,2419,,,0.5,13.5,0.3,7.9,0.1,3.8,0.3,7.9,1.5,43.6,,,0.3,8.6,,,,,0.2,5.3
327,Jeff Withey,203481,,,0.3,6.0,,,0.8,18.0,,,0.3,7.8,,,1.6,37.3,,,0.7,17.1,0.5,11.5
328,Rashad Vaughn,1626173,,,0.8,19.6,0.3,7.3,,,,,2.0,46.5,0.2,4.7,,,0.6,13.3,,,,
329,Justin Anderson,1626147,0.2,5.3,0.7,17.6,0.6,14.1,,,,,1.3,32.2,0.3,6.6,0.2,4.4,0.3,7.5,0.2,4.4,0.2,5.7
330,JJ Hickson,201581,,,0.7,8.6,,,2.1,27.6,0.7,9.2,0.7,8.6,,,1.9,24.3,,,0.9,11.8,0.6,7.2
331,Tyler Ennis,203898,0.4,6.9,0.8,15.0,2.2,40.1,,,,,1.1,19.8,0.3,4.9,,,,,,,0.4,7.3
332,Beno Udrih,2757,,,0.6,10.9,2.3,40.1,,,,,1.0,17.3,0.8,13.4,,,,,,,0.3,5.9
333,Brian Roberts,203148,0.5,9.7,0.4,7.6,2.2,46.2,,,,,0.9,17.9,,,,,,,,,,
334,Chris Johnson,203187,,,0.5,15.0,0.3,7.1,,,,,1.7,47.4,0.4,11.5,0.2,5.1,,,,,0.2,6.7
335,Shabazz Napier,203894,0.3,7.2,0.7,14.7,1.9,40.4,,,,,1.2,25.7,0.2,4.9,,,,,,,,
336,Tiago Splitter,201168,,,0.3,5.0,,,0.9,15.9,0.8,13.4,,,,,2.1,38.3,,,0.8,14.9,0.4,7.0
337,Johnny O'Bryant III,203948,,,0.2,6.3,,,0.5,13.3,0.3,7.0,1.0,27.0,,,0.8,20.3,,,0.5,13.7,0.3,6.6
338,Mike Muscala,203488,,,,,,,,,,,,,,,,,,,,,,
339,Kevin Seraphin,202338,0.3,5.4,0.3,5.8,,,0.7,13.6,2.3,43.4,0.4,7.0,,,0.6,10.9,,,0.2,4.7,0.5,8.9
340,Willie Reed,203186,,,,,,,1.1,25.3,0.4,8.6,,,,,1.4,31.0,,,1.0,22.4,,
341,James Anderson,202341,,,1.2,26.5,0.8,16.7,,,,,1.5,32.9,0.4,7.7,,,0.2,4.3,,,,
342,James Jones,2592,,,,,,,,,,,,,,,,,,,,,,
343,John Jenkins,203098,,,1.1,21.2,1.4,26.5,,,,,0.9,16.8,,,,,0.6,11.5,,,,
344,Metta World Peace,1897,0.7,11.4,0.5,8.7,0.6,10.0,,,1.1,17.4,1.8,28.3,0.6,9.1,,,,,0.3,5.5,,
345,JaVale McGee,201580,,,,,,,1.1,22.7,0.4,7.6,0.3,5.8,,,1.5,29.1,,,1.0,19.8,0.4,8.1
346,Glenn Robinson III,203922,,,1.1,26.3,0.4,9.1,,,,,1.1,25.8,0.2,5.4,0.5,12.9,0.4,10.2,,,,
347,Rondae Hollis-Jefferson,1626178,0.4,5.8,1.4,22.2,0.7,11.1,,,,,1.6,23.8,,,0.6,8.5,,,0.6,9.5,0.4,5.8
348,James Ennis III,203516,,,2.8,19.4,1.9,13.2,,,,,4.4,31.0,,,,,1.1,7.8,1.4,10.1,,
349,Tyus Jones,1626145,0.4,7.9,0.9,17.3,2.2,40.6,,,,,1.0,18.3,,,,,,,,,0.4,7.4
350,Joe Young,1626202,,,,,,,,,,,,,,,,,,,,,,
351,Jarell Martin,1626185,0.4,7.4,0.6,10.4,,,0.9,14.7,0.6,9.2,0.9,14.7,,,1.0,16.6,,,1.0,17.2,0.5,8.0
352,Darrun Hilliard,1626199,,,0.6,13.2,1.3,29.9,,,,,1.2,27.5,0.3,6.0,0.4,9.0,,,,,,
353,Ryan Kelly,203527,0.4,6.7,0.8,14.0,,,0.6,10.9,0.5,9.3,1.7,31.6,,,0.3,5.2,,,0.4,7.8,0.4,6.7
354,Josh McRoberts,201177,0.6,12.8,,,,,0.9,18.4,,,1.6,34.2,,,0.3,7.1,,,,,0.5,11.7
355,Jason Thompson,201574,,,,,,,0.7,17.1,,,1.1,25.6,,,0.7,15.9,,,0.7,17.1,,
356,Pablo Prigioni,203143,0.3,8.0,0.4,12.6,1.5,44.2,,,,,0.6,18.6,,,,,,,,,0.3,9.5
357,Andre Miller,1889,,,,,1.2,35.6,,,,,0.8,15.2,,,0.4,12.2,,,,,0.5,13.3
358,C.J. Watson,201228,0.3,5.6,1.2,21.9,1.4,25.8,,,,,1.2,21.9,,,,,,,,,0.5,9.0
359,Montrezl Harrell,1626149,,,,,,,,,,,,,,,,,,,,,,
360,Anderson Varejao,2760,,,,,,,0.6,17.6,0.3,9.8,0.7,21.6,,,0.8,23.5,,,0.4,10.8,0.4,10.8
361,Kirk Hinrich,2550,,,0.9,20.5,1.2,27.8,,,,,1.1,25.2,0.4,8.6,,,,,,,0.3,7.9
362,Ray McCallum,203492,,,1.6,17.0,3.1,33.0,,,,,1.3,13.8,1.2,12.8,,,1.0,10.6,,,,
363,Tarik Black,204028,,,,,,,1.1,28.9,0.4,10.1,,,,,0.6,16.8,,,0.8,20.1,0.5,12.1
364,Adreian Payne,203940,,,,,,,,,,,,,,,,,,,,,,
365,Greivis Vasquez,202349,,,0.7,9.0,2.6,31.9,,,,,2.8,34.0,0.6,7.4,,,,,,,0.4,5.3
366,Jordan Hamilton,202706,1.2,9.3,2.4,18.6,1.6,12.9,,,,,4.1,32.1,,,,,,,,,,
367,Salah Mejri,1626257,,,,,,,0.9,23.4,,,,,,,1.4,38.7,,,0.4,11.3,0.4,11.3
368,Joakim Noah,201149,,,0.5,6.9,,,0.7,9.9,0.3,4.9,0.6,7.9,,,1.0,14.3,,,2.1,29.6,1.5,21.2
369,Rasual Butler,2446,,,,,,,,,,,,,,,,,,,,,,
370,Ryan Hollins,200797,,,,,,,0.6,14.3,,,,,,,1.2,30.0,,,0.7,18.6,0.6,14.3
371,Nick Collison,2555,,,,,,,0.7,25.6,,,,,,,0.7,24.4,,,0.6,20.9,0.5,17.4
372,Kevin Garnett,708,,,0.3,9.3,,,0.7,20.0,0.7,18.6,0.9,25.7,,,0.3,9.3,,,,,0.4,12.1
373,Reggie Bullock,203493,,,0.5,16.1,,,,,,,1.4,46.4,0.3,9.8,,,,,,,,
374,Jared Cunningham,203099,,,,,,,,,,,,,,,,,,,,,,
375,James Michael McAdoo,203949,,,,,,,,,,,,,,,,,,,,,,
376,Anthony Brown,1626148,,,1.0,18.8,0.3,6.7,,,,,2.2,42.3,0.4,7.4,,,0.5,9.4,,,,
377,Chris McCullough,1626191,,,0.7,13.2,,,1.2,21.3,,,1.7,30.9,,,0.5,9.6,,,0.5,9.6,,
378,Kendall Marshall,203088,0.6,11.4,0.5,8.4,1.6,29.3,,,0.3,6.0,1.6,28.1,,,,,,,,,0.5,9.6
379,Jordan Farmar,200770,1.0,9.8,0.9,9.0,3.8,37.7,,,,,1.9,18.9,,,,,0.8,8.2,,,,
380,Sonny Weems,201603,,,0.5,14.4,0.8,22.0,,,,,0.9,25.0,0.4,11.4,0.4,9.8,,,,,,
381,Chris Andersen,2365,,,,,,,1.0,23.3,,,0.6,12.8,,,0.9,19.8,,,0.9,19.8,0.5,11.6
382,Cristiano Felicio,1626245,,,,,,,1.1,33.3,,,0.5,14.7,,,0.5,16.7,,,0.5,15.7,,
383,Tyler Hansbrough,201946,,,,,,,,,,,,,,,,,,,,,,
384,Delon Wright,1626153,,,,,,,,,,,,,,,,,,,,,,
385,Jordan McRae,203895,,,1.7,30.8,1.4,25.6,,,,,,,,,,,,,,,,
386,RJ Hunter,1626154,,,,,,,,,,,,,,,,,,,,,,
387,Sergey Karasev,203508,,,,,,,,,,,,,,,,,,,,,,
388,Henry Sims,203156,,,,,,,1.5,20.4,1.3,17.5,0.9,11.7,,,1.4,18.4,,,0.9,11.7,0.8,10.7
389,Kendrick Perkins,2570,,,,,,,0.8,24.2,0.6,18.0,,,,,0.6,18.8,,,,,0.6,18.0
390,KJ McDaniels,203909,,,,,,,,,,,,,,,,,,,,,,
391,Michael Kidd-Gilchrist,203077,,,3.4,30.0,2.0,17.5,,,,,2.4,21.3,,,1.4,12.5,,,,,,
392,Robert Sacre,203135,,,,,,,1.0,23.6,0.8,17.9,0.4,10.4,,,0.6,14.2,,,0.7,17.0,0.6,14.2
393,Lamar Patterson,203934,,,0.4,11.4,0.4,11.4,,,,,1.4,43.0,,,0.3,9.6,,,,,,
394,Brandan Wright,201148,,,,,,,2.0,33.3,,,,,,,1.2,19.4,,,,,,
395,Drew Gooden,2400,,,0.4,9.1,,,1.1,26.4,,,1.1,26.4,,,,,,,0.6,14.0,,
396,Xavier Munford,204098,,,1.2,17.5,2.7,39.2,,,,,1.5,21.6,,,,,,,,,,
397,Bryce Dejean-Jones,1626214,,,1.1,18.0,0.9,13.5,,,,,1.6,25.8,,,,,,,,,,
398,Phil Pressey,203515,,,1.6,27.5,2.3,40.0,,,,,0.9,16.3,,,,,,,,,,
399,Axel Toupane,1626253,,,0.7,17.1,,,,,,,2.3,58.5,,,0.6,14.6,,,,,,
400,Matt Bonner,2588,,,,,,,,,,,,,,,,,,,,,,
401,Damjan Rudez,204014,,,,,,,,,,,,,,,,,,,,,,
402,Terry Rozier,1626179,,,,,,,,,,,,,,,,,,,,,,
403,Jeremy Evans,202379,,,,,,,,,,,,,,,,,,,,,,
404,C.J. Wilcox,203912,,,,,,,,,,,,,,,,,,,,,,
405,Elton Brand,1882,,,,,,,1.4,27.1,,,0.8,15.3,,,1.5,30.6,,,,,,
406,Kostas Papanikolaou,203123,,,0.4,11.8,0.5,14.0,,,,,1.3,37.6,0.4,10.8,,,,,,,0.4,11.8
407,Tony Wroten,203100,1.8,12.5,3.5,25.0,4.6,33.0,,,,,2.3,16.1,,,,,,,,,,
408,Alan Anderson,101187,0.8,16.7,0.9,18.2,,,,,,,1.8,36.4,,,,,,,,,,
409,Lucas Nogueira,203512,,,,,,,,,,,,,,,,,,,,,,
410,Caron Butler,2406,,,0.6,17.2,,,,,,,1.8,46.9,,,,,,,,,,
411,Jarell Eddie,204067,,,,,,,,,,,,,,,,,,,,,,
412,Mike Miller,2034,,,,,,,,,,,,,,,,,,,,,,
413,Christian Wood,1626174,,,,,,,,,,,,,,,,,,,,,,
414,DeJuan Blair,201971,,,,,,,,,,,,,,,,,,,,,,
415,Devyn Marble,203906,,,,,,,,,,,,,,,,,,,,,,
416,Udonis Haslem,2617,,,,,,,,,,,,,,,,,,,,,,
417,Spencer Dinwiddie,203915,1.2,18.4,0.8,13.2,2.9,46.1,,,,,,,,,,,,,,,,
418,Nikola Pekovic,201593,,,,,,,0.9,15.9,3.0,52.2,,,,,,,,,,,,
419,Lou Amundson,200811,,,,,,,,,,,,,,,,,,,,,,
420,Chris Copeland,203142,,,,,,,,,,,,,,,,,,,,,,
421,Chris Kaman,2549,,,,,,,,,,,,,,,,,,,,,,
422,Greg Smith,202962,,,,,,,0.8,31.9,,,,,,,0.7,27.7,,,,,,
423,Damien Inglis,203996,,,,,,,,,,,,,,,,,,,,,,
424,Elijah Millsap,202407,,,,,,,,,,,,,,,,,,,,,,
425,Pat Connaughton,1626192,,,,,,,,,,,,,,,,,,,,,,
426,Cameron Bairstow,203946,,,,,,,,,,,,,,,,,,,,,,
427,Briante Weber,1627362,,,,,4.0,49.0,,,,,,,,,,,,,,,,
428,Cleanthony Early,203921,,,,,,,,,,,,,,,,,,,,,,
429,Jeff Ayres,201965,,,,,,,,,,,,,,,,,,,,,,
430,Alan Williams,1626210,,,,,,,,,,,,,,,,,,,,,,
431,James Young,203923,,,,,,,,,,,,,,,,,,,,,,
432,Anthony Bennett,203461,,,,,,,,,,,,,,,,,,,,,,
433,Mitch McGary,203956,,,,,,,,,,,,,,,,,,,,,,
434,Orlando Johnson,203111,,,,,,,,,,,,,,,,,,,,,,
435,Edy Tavares,204002,,,,,,,,,,,,,,,,,,,,,,
436,Steve Novak,200779,,,,,,,,,,,,,,,,,,,,,,
437,Tibor Pleiss,202353,,,,,,,,,,,,,,,,,,,,,,
438,Russ Smith,203893,,,,,,,,,,,,,,,,,,,,,,
439,Sasha Kaun,201619,,,,,,,,,,,,,,,,,,,,,,
440,Alex Stepheson,1627293,,,,,,,,,,,,,,,,,,,3.8,50.0,,
441,Andrew Goudelock,202726,,,,,,,,,,,,,,,,,,,,,,
442,Cory Jefferson,203928,,,,,,,,,,,,,,,,,,,,,,
443,Jodie Meeks,201975,,,,,,,,,,,,,,,,,,,,,,
444,Jorge Gutierrez,203268,,,,,,,,,,,,,,,,,,,,,,
445,Jordan Mickey,1626175,,,,,,,,,,,,,,,,,,,,,,
446,Lorenzo Brown,203485,,,,,,,,,,,,,,,,,,,,,,
447,Aaron Harrison,1626151,,,,,,,,,,,,,,,,,,,,,,
448,Joel Anthony,201202,,,,,,,,,,,,,,,,,,,,,,
449,Josh Huestis,203962,,,,,,,,,,,,,,,,,,,,,,
450,Luis Montero,1626242,,,,,,,,,,,,,,,,,,,,,,
451,Dahntay Jones,2563,,,,,,,,,,,,,,,,,,,,,,
452,Erick Green,203475,,,,,,,,,,,,,,,,,,,,,,
453,Justin Harper,202712,,,,,,,,,,,,,,,,,,,,,,
454,Shayne Whittington,203963,,,,,,,,,,,,,,,,,,,,,,
455,Cliff Alexander,1626146,,,,,,,,,,,,,,,,,,,,,,
456,Jimmer Fredette,202690,,,,,,,,,,,,,,,,,,,,,,
457,Kevon Looney,1626172,,,,,,,,,,,,,,,,,,,,,,
458,Bryce Cotton,203955,,,,,,,,,,,,,,,,,,,,,,
459,Elliot Williams,202343,,,,,,,,,,,,,,,,,,,,,,
460,Eric Moreland,203961,,,,,,,,,,,,,,,,,,,,,,
461,Nazr Mohammed,1737,,,,,,,,,,,,,,,,,,,,,,
462,Jarnell Stokes,203950,,,,,,,,,,,,,,,,,,,,,,
463,Jordan Adams,203919,,,,,,,,,,,,,,,,,,,,,,
464,Coty Clarke,1626262,,,,,,,,,,,,,,,,,,,,,,
465,Duje Dukan,1626251,,,,,,,,,,,,,,,,,,,,,,
466,Keith Appling,203951,,,,,,,,,,,,,,,,,,,,,,
467,Thanasis Antetokounmpo,203648,,,,,,,,,,,,,,,,,,,,,,
468,Branden Dawson,1626183,,,,,,,,,,,,,,,,,,,,,,
469,Chuck Hayes,101236,,,,,,,,,,,,,,,,,,,,,,
470,Rakeem Christmas,1626176,,,,,,,,,,,,,,,,,,,,,,
471,Bruno Caboclo,203998,,,,,,,,,,,,,,,,,,,,,,
472,Joe Harris,203925,,,,,,,,,,,,,,,,,,,,,,
473,JJ O'Brien,1626266,,,,,,,,,,,,,,,,,,,,,,
474,Nate Robinson,101126,,,,,,,,,,,,,,,,,,,,,,
475,Sam Dekker,1626155,,,,,,,,,,,,,,,,,,,,,,
